{
  "id": "3063680",
  "name": "test",
  "font_family": "iconfont",
  "css_prefix_text": "icon-",
  "description": "",
  "glyphs": [
    {
      "icon_id": "77697",
      "name": "点赞",
      "font_class": "dianzan",
      "unicode": "e600",
      "unicode_decimal": 58880
    },
    {
      "icon_id": "623564",
      "name": "阅读",
      "font_class": "yuedu",
      "unicode": "e639",
      "unicode_decimal": 58937
    },
    {
      "icon_id": "25953569",
      "name": "橙子",
      "font_class": "chengzi",
      "unicode": "e64b",
      "unicode_decimal": 58955
    },
    {
      "icon_id": "25953570",
      "name": "草莓",
      "font_class": "caomei",
      "unicode": "e64c",
      "unicode_decimal": 58956
    },
    {
      "icon_id": "25953571",
      "name": "梨子",
      "font_class": "lizi",
      "unicode": "e64d",
      "unicode_decimal": 58957
    },
    {
      "icon_id": "25953572",
      "name": "苹果",
      "font_class": "pingguo",
      "unicode": "e64e",
      "unicode_decimal": 58958
    },
    {
      "icon_id": "25953573",
      "name": "芒果",
      "font_class": "mangguo",
      "unicode": "e64f",
      "unicode_decimal": 58959
    },
    {
      "icon_id": "577379",
      "name": "我的",
      "font_class": "wode",
      "unicode": "e75e",
      "unicode_decimal": 59230
    },
    {
      "icon_id": "3040366",
      "name": "首页",
      "font_class": "shouye",
      "unicode": "e6d5",
      "unicode_decimal": 59093
    },
    {
      "icon_id": "16530777",
      "name": "资源",
      "font_class": "ziyuan",
      "unicode": "e643",
      "unicode_decimal": 58947
    },
    {
      "icon_id": "18267924",
      "name": "技术服务",
      "font_class": "jishufuwu",
      "unicode": "e98f",
      "unicode_decimal": 59791
    },
    {
      "icon_id": "21432647",
      "name": "出生登记",
      "font_class": "register",
      "unicode": "e607",
      "unicode_decimal": 58887
    },
    {
      "icon_id": "7407562",
      "name": "评论",
      "font_class": "pinglun1",
      "unicode": "e632",
      "unicode_decimal": 58930
    },
    {
      "icon_id": "6730902",
      "name": "最新文章",
      "font_class": "zuixinwenzhang_huaban",
      "unicode": "e615",
      "unicode_decimal": 58901
    },
    {
      "icon_id": "7817987",
      "name": "评论",
      "font_class": "pinglun",
      "unicode": "e65f",
      "unicode_decimal": 58975
    }
  ]
}
